{
  "project_info": {
    "project_number": "281805728387",
    "firebase_url": "https://rutasfirebase-36933-default-rtdb.europe-west1.firebasedatabase.app",
    "project_id": "rutasfirebase-36933",
    "storage_bucket": "rutasfirebase-36933.appspot.com"
  },
  "client": [
    {
      "client_info": {
        "mobilesdk_app_id": "1:281805728387:android:a76b2930e775bbf71149b6",
        "android_client_info": {
          "package_name": "com.ada.rutasfirebase2"
        }
      },
      "oauth_client": [
        {
          "client_id": "281805728387-p8adhh1bf1aumvv6852kbqscog5lro3d.apps.googleusercontent.com",
          "client_type": 3
        }
      ],
      "api_key": [
        {
          "current_key": "AIzaSyA7jalTtDiNBhi_8oPz1p_0yQ56Ts8O4mc"
        }
      ],
      "services": {
        "appinvite_service": {
          "other_platform_oauth_client": [
            {
              "client_id": "281805728387-p8adhh1bf1aumvv6852kbqscog5lro3d.apps.googleusercontent.com",
              "client_type": 3
            }
          ]
        }
      }
    }
  ],
  "configuration_version": "1"
}